LOCATION,OPERATION,T1,T2,T3
Rear Body Panel,Replace,"Adhesive 3m8115 1 Cartridge(s)
Seam Sealer 3m8360 1.20 Sachet(s)
Weld Thru Primer 3m5917 0.30 Can(s)
Cavity Wax 3m8852 0.33 Can(s)
NVH Material 3m4274 0.3 Cartridge(s)","Seam Sealer 3m8360 1.20 Sachet(s)
OEM Match Ripple Tip 1K Tip 3m33994 1 Piece(s)
Adhesive 3m8115 1 Cartridge(s)
Weld Thru Primer 3m5917 0.30 Can(s)
NVH Material 3m4274 0.3 Cartridge(s)
Static Mixing Nozzle 3m8194 2 Nozzle(s)
Cavity Wax 3m8852 0.33 Can(s)","OEM Match Seam Sealer 3m08524 2.0 Sachet(s)
OEM Match Adjustable Ripple Tip 3m33995 2 Piece(s)
Adhesive 3m8115 1 Cartridge(s) 
Static Mixing Nozzle 3m8194 3 Nozzle(s)
Weld Thru Primer 3m5917 0.30 Can(s)
Cut-Off Wheel 3m33456 1 Wheel(s)
Durable Flex Belt 3m64475 1 Belt(s)
File Belt 3m33446 2 Belt(s)
Cavity Wax 3m8852 0.33 Can(s)
NVH Pad 3m4274 0.3 Cartridge(s)
Acid Brushes 2 Piece(s) ($1/each)
Cavity Wax Wand 3m8851 1 Nozzle(s) ($13/each)"
Rear Body Panel,Repair,"Seam Sealer 3m8360 0.5 Sachet(s)
Cavity Wax 3m8852 0.33 Can(s)","Seam Sealer 3m8360 0.5 Sachet(s)
OEM Match Ripple Tip 1K Tip 3m33994 1 Piece(s)
Static Mixing Nozzle 3m8194 1 Nozzle(s)
Cavity Wax 3m8852 0.33 Can(s)
","OEM Match Seam Sealer 3m08524 1.0 Sachet(s)
OEM Match Adjustable Ripple Tip 3m33995 1 Piece(s)
Static Mixing Nozzle 3m8194 1 Nozzle(s)
Cavity Wax 3m8852 0.33 Can(s)
Cavity Wax Wand 3m8851 1 Nozzle(s) ($13/each)
"
Rear Floor Pan,Replace,"Adhesive 3m8115 1 Cartridge(s) 
Seam Sealer 3m8360 1.20 Sachet(s)
Weld Thru Primer 3m5917 0.30 Can(s)
NVH Pad 3m4274 0.3 Cartridge(s)
Undercoating 3m8883 1 Can(s)
Cavity Wax 3m8852 0.33 Can(s)","Adhesive 3m8115 1 Cartridge(s) 
Static Mixing Nozzle 3m8194 1 Nozzle(s)
Seam Sealer 3m8360 1.20 Sachet(s)
OEM Match Wide Stream 1K Tip 3m33993 1 Piece(s)
Weld Thru Primer 3m5917 0.30 Can(s)
NVH Pad 3m4274 0.3 Cartridge(s)
Undercoating 3m8883 1 Can(s)
Cavity Wax 3m8852 0.33 Can(s)","OEM Match Seam Sealer 3m08524 2.0 Sachet(s)
OEM Match Wide Stream 2K Tip 3m33998 2 Piece(s)
Static Mixing Nozzle 3m8194 3 Nozzle(s)
Adhesive 3m8115 1 Cartridge(s) 
Weld Thru Primer 3m5917 0.30 Can(s)
Cut-Off Wheel 3m33456 1 Wheel(s)
Durable Flex Belt 3m64475 1 Belt(s)
File Belt 3m33446 2 Belt(s)
Cavity Wax 3m8852 0.33 Can(s)
NVH Pad 3m4274 0.3 Cartridge(s)
Acid Brushes 2 Piece(s) ($1/each)
Cavity Wax Wand 3m8851 1 Nozzle(s) ($13/each)"
Rear Floor Pan,Repair,"Seam Sealer 3m8360 0.5 Sachet(s)
NVH Pad 3m4274 0.3 Cartridge(s)
Undercoating 3m8883 0.5 Can(s)
Cavity Wax 3m8852 0.33 Can(s)","Seam Sealer 3m8360 0.5 Sachet(s)
OEM Match Wide Stream 1K Tip 3m33993 1 Piece(s)
NVH Pad 3m4274 0.3 Cartridge(s)
Undercoating 3m8883 0.5 Can(s)
Cavity Wax 3m8852 0.33 Can(s)","OEM Match Seam Sealer 3m08524 1.0 Sachet(s)
OEM Match Adjustable Ripple Tip 3m33995 1 Piece(s)
Static Mixing Nozzle 3m8194 1 Nozzle(s)
OEM Match Wide Stream 1K Tip 3m33993 1 Piece(s)
NVH Pad 3m4274 0.3 Cartridge(s)
Undercoating 3m8883 0.5 Can(s)
Cavity Wax 3m8852 0.33 Can(s)
Cavity Wax Wand 3m8851 1 Nozzle(s) ($13/each)"
Quarter Panel,Replace,"Flexible Foam 3m8463 0.5 Unit(s)
Cavity Wax 3m8852 1 Can(s)
Seam Sealer 3m8360 1 Sachet(s)
Adhesive 3m8115 1 Cartridge(s)
Weld Thru Primer 3m5917 1 Can(s)
Cavity Wax 3m8852 1 Can(s)","Flexible Foam 3m8463 0.5 Unit(s)
Cavity Wax 3m8852 1 Can(s)
Seam Sealer 3m8360 1 Sachet(s)
OEM Match Wide Stream 1K Tip 3m33993 1 Piece(s)
Adhesive 3m8115 1 Cartridge(s)
Weld Thru Primer 3m5917 1 Can(s)
Cavity Wax 3m8852 1 Can(s)","Flexible Foam 3m8463 0.5 Unit(s)
Cavity Wax 3m8852 1 Can(s)
OEM Match Seam Sealer 3m08524 1.5 Sachet(s)
OEM Match Adjustable Ripple Tip 3m33995 1 Piece(s)
OEM Match Wing Nozzle 2K Tip 3m33997 1 Piece(s)
Static Mixing Nozzle 3m8194 3 Nozzle(s)
Adhesive 3m8115 1 Cartridge(s)
Weld Thru Primer 3m5917 1 Can(s)
Cavity Wax 3m8852 1 Can(s)
Cut-Off Wheel 3m33456 1 Wheel(s)
Durable Flex Belt 3m64475 1 Belt(s)
File Belt 3m33446 2 Belt(s)
Acid Brushes 2 Piece(s) ($1/each)
Cavity Wax Wand 3m8851 1 Nozzle(s) ($13/each)"
Quarter Panel,Repair,Cavity Wax 3m8852 0.16 Can(s),SAME,SAME
Frame Rail Extension,Replace,"Weld Thru Primer 3m5917 0.10 Can(s)
Seam Sealer 3m8360 0.20 Sachet(s)
Cavity Wax 3m8852 0.8 Can(s)","Weld Thru Primer 3m5917 0.10 Can(s)
Seam Sealer 3m8360 0.20 Sachet(s)
OEM Match Wide Stream 1K Tip 3m33993 1 Piece(s)
Static Mixing Nozzle 3m8194 1 Nozzle(s)
Cavity Wax 3m8852 0.8 Can(s)","OEM Match Seam Sealer 3m08524 0.5 Sachet(s)
OEM Match Wide Stream 2K Tip 3m33998 1 Piece(s)
Static Mixing Nozzle 3m8194 1 Nozzle(s)
Weld Thru Primer 3m5917 0.10 Can(s)
Cavity Wax 3m8852 0.8 Can(s)
Acid Brushes 2 Piece(s) ($1/each)
Cavity Wax Wand 3m8851 1 Nozzle(s) ($13/each)
Cut-Off Wheel 3m33456 1 Wheel(s)
Durable Flex Belt 3m64475 1 Belt(s)
File Belt 3m33446 1 Belt(s)"
Frame Rail Extension,Repair,Cavity Wax 3m8852 0.8 Can(s),SAME,SAME
Door Shell,Replace,"Multi-Purpose Repair Material 3m5887 0.4 Cartridge(s) [for Toyota, Lexus, Nissan, Infiniti only]
Cavity Wax 3m8852 0.33 Can(s)","
Multi-Purpose Repair Material 3m5887 0.4 Cartridge(s) [for Toyota, Lexus, Nissan, Infiniti only]
OEM Match Wing Nozzle 1K Tip 3m33992 1 Piece(s)
Static Mixing Nozzle 3m8194 1 Nozzle(s)
Cavity Wax 3m8852 0.33 Can(s)","OEM Match Seam Sealer 3m08524 1 Sachet(s)
OEM Match Wing Nozzle 2K Tip 3m33997 1 Piece(s)
Static Mixing Nozzle 3m8194 1 Nozzle(s)
Cavity Wax 3m8852 0.33 Can(s)
Cavity Wax Wand 3m8851 1 Nozzle(s) ($13/each)"
Door Skin,Replace,"Adhesive 3m8115 0.5 Cartridge(s)
NVH Material 3m4274 0.2 Cartridge(s)
Multi-Purpose Repair Material 3m5887 0.4 Cartridge(s)
Weld Thru Primer 3m5917 0.20 Can(s)
Cavity Wax 3m8852 0.33 Can(s)","
Adhesive 3m8115 0.5 Cartridge(s)
NVH Material 3m4274 0.2 Cartridge(s)
Multi-Purpose Repair Material 3m5887 0.4 Cartridge(s) 
OEM Match Wing Nozzle 1K Tip 3m33992 1 Piece(s)
Static Mixing Nozzle 3m8194 1 Nozzle(s)
Weld Thru Primer 3m5917 0.20 Can(s)
Cavity Wax 3m8852 0.33 Can(s)","OEM Match Seam Sealer 3m08524 1 Sachet(s)
OEM Match Wing Nozzle 2K Tip 3m33997 1 Piece(s)
Static Mixing Nozzle 3m8194 2 Nozzle(s)
Adhesive 3m8115 0.5 Cartridge(s)
NVH Material 3m4274 0.2 Cartridge(s)
Cavity Wax 3m8852 0.33 Can(s)
Cavity Wax Wand 3m8851 1 Nozzle(s) ($13/each)
Weld Thru Primer 3m5917 0.20 Can(s)
Cavity Wax 3m8852 0.33 Can(s)
Cubitron Abrasive Fibre Disc 60+ 3m33415 1 Piece(s)
Cubitron File Belt 60+ 3m33445 1 Belt(s)
Durable Flex Belt 3m64475 1 Belt(s)
File Belt 3m33446 1 Belt(s)"
Door Shell,Repair,Cavity Wax 3m8852 0.33 Can(s),SAME,SAME
Trunk,Replace,"Multi-Purpose Repair Material 3m5887 0.4 Cartridge(s) [for Toyota, Lexus, Nissan, Infiniti only]
Cavity Wax 3m8852 0.33 Can(s)","
Multi-Purpose Repair Material 3m5887 0.4 Cartridge(s) [for Toyota, Lexus, Nissan, Infiniti only]
OEM Match Wing Nozzle 1K Tip 3m33992 1 Piece(s)
Static Mixing Nozzle 3m8194 1 Nozzle(s)
Cavity Wax 3m8852 0.33 Can(s)","OEM Match Seam Sealer 3m08524 1 Sachet(s)
OEM Match Wing Nozzle 2K Tip 3m33997 1 Piece(s)
Static Mixing Nozzle 3m8194 1 Nozzle(s)
Cavity Wax 3m8852 0.33 Can(s)
Cavity Wax Wand 3m8851 1 Nozzle(s) ($13/each)"
Trunk,Repair,Cavity Wax 3m8852 0.2 Can(s),SAME,SAME
Liftgate,Replace,"Multi-Purpose Repair Material 3m5887 0.6 Cartridge(s) [for Toyota, Lexus, Nissan, Infiniti only]
Cavity Wax 3m8852 0.5 Can(s)","Multi-Purpose Repair Material 3m5887 0.6 Cartridge(s) [for Toyota, Lexus, Nissan, Infiniti only]
OEM Match Wing Nozzle 1K Tip 3m33992 1 Piece(s)
Cavity Wax 3m8852 0.5 Can(s)","OEM Match Seam Sealer 3m08524 1 Sachet(s)
OEM Match Wing Nozzle 2K Tip 3m33997 1 Piece(s)
Static Mixing Nozzle 3m8194 1 Nozzle(s)
Cavity Wax 3m8852 0.33 Can(s)
Cavity Wax Wand 3m8851 1 Nozzle(s) ($13/each)"
Liftgate,Repair,Cavity Wax 3m8852 0.33 Can(s),SAME,SAME
Hood,Repair,Cavity Wax 3m8852 0.5 Can(s),SAME,SAME
Fender,Replace,Cavity Wax 3m8852 0.1 Can(s),SAME,SAME
Fender,Repair,Cavity Wax 3m8852 0.1 Can(s),SAME,SAME
Roof,Replace,"Self-Leveling Seam Sealer 3m8307 3 Cartridge(s)
Cavity Wax 3m8852 2 Can(s)",SAME,SAME
Rocker Panel,Replace,"Weld Thru Primer 3m5917 0.10 Can(s)
Seam Sealer 3m8360 0.5 Sachet(s)
Rocker Panel Coating 3m8889 0.25 Can(s)
Cavity Wax 3m8852 0.8 Can(s)","Weld Thru Primer 3m5917 0.10 Can(s)
Rocker Panel Coating 3m8889 0.25 Can(s)
Seam Sealer 3m8360 0.5 Sachet(s)
OEM Match Wide Stream 1K Tip 3m33993 1 Piece(s)
Cavity Wax 3m8852 0.8 Can(s)","Flexible Foam 3m8463 0.5 Unit(s)
Cavity Wax 3m8852 1 Can(s)
OEM Match Seam Sealer 3m08524 1.0 Sachet(s)
OEM Match Adjustable Ripple Tip 3m33995 1 Piece(s)
OEM Match Wing Nozzle 2K Tip 3m33997 1 Piece(s)
Static Mixing Nozzle 3m8194 2 Nozzle(s)
Weld Thru Primer 3m5917 0.10 Can(s)
Rocker Panel Coating 3m8889 0.25 Can(s)
Cavity Wax 3m8852 0.8 Can(s)
Cut-Off Wheel 3m33456 1 Wheel(s)
Durable Flex Belt 3m64475 1 Belt(s)
File Belt 3m33446 2 Belt(s)
Acid Brushes 2 Piece(s) ($1/each)
Cavity Wax Wand 3m8851 1 Nozzle(s) ($13/each)"
Rocker Panel,Repair,"Rocker Panel Coating 3m8889 0.25 Can(s)
Cavity Wax 3m8852 0.8 Can(s)",SAME,SAME
